City_ID,City,Lat,Lng,Max Temp,Humidity,Cloudiness,Wind Speed,Country,Date
0,Durazno,51.1786,49.6769,32.67,99,100,3.04,RU,2021-04-03 15:27:45
1,Durazno,-28.783,32.0377,71.71,69,86,14.05,ZA,2021-04-03 15:27:46
2,Durazno,-33.6971,-53.4616,74.62,53,49,8.08,UY,2021-04-03 15:27:46
3,Durazno,42.6001,-73.9662,42.01,21,0,8.72,US,2021-04-03 15:24:40
4,Durazno,19.7297,-155.09,68.0,83,75,3.96,US,2021-04-03 15:22:49
5,Durazno,59.0556,80.8572,33.37,98,100,8.84,RU,2021-04-03 15:27:47
6,Durazno,-54.8,-68.3,39.2,93,90,28.77,AR,2021-04-03 15:24:52
7,Durazno,78.2186,15.6401,17.6,73,20,10.36,SJ,2021-04-03 15:27:24
8,Durazno,69.4541,-133.0374,-14.8,76,75,3.44,CA,2021-04-03 15:27:48
9,Durazno,41.3712,-73.414,39.99,33,0,10.49,US,2021-04-03 15:27:48
10,Durazno,-21.2078,-159.775,78.8,83,40,4.61,CK,2021-04-03 15:27:49
11,Durazno,-2.0226,147.2712,78.91,86,100,7.07,PG,2021-04-03 15:27:49
12,Durazno,14.8961,-24.4956,76.32,61,17,6.87,CV,2021-04-03 15:27:19
13,Durazno,-8.9266,125.4092,61.14,93,100,3.91,TL,2021-04-03 15:27:50
14,Durazno,38.9167,34.6667,59.0,38,40,6.91,TR,2021-04-03 15:24:37
15,Durazno,-46.1927,168.8643,57.99,59,34,17.0,NZ,2021-04-03 15:27:51
16,Durazno,28.017,-97.5169,73.4,60,75,12.66,US,2021-04-03 15:27:51
17,Durazno,10.767,75.9252,84.2,70,40,3.44,IN,2021-04-03 15:27:51
18,Durazno,44.0306,145.8556,39.79,95,100,9.8,RU,2021-04-03 15:27:52
19,Durazno,-33.9258,18.4232,80.01,31,0,6.91,ZA,2021-04-03 15:25:43
20,Durazno,52.1,23.7,45.18,42,100,12.64,BY,2021-04-03 15:27:52
21,Durazno,50.5994,97.5228,19.24,87,21,2.13,RU,2021-04-03 15:27:53
22,Durazno,68.2191,-135.0107,-9.4,77,90,5.75,CA,2021-04-03 15:27:54
23,Durazno,44.6714,-103.8522,62.01,20,1,4.61,US,2021-04-03 15:27:54
24,Durazno,-6.6447,-51.995,87.15,58,50,3.11,BR,2021-04-03 15:27:36
25,Durazno,-33.65,115.3333,66.0,76,100,3.0,AU,2021-04-03 15:27:55
26,Durazno,24.9,-76.2,67.89,68,92,26.75,BS,2021-04-03 15:27:55
27,Durazno,37.7167,-25.4333,64.4,77,75,23.02,PT,2021-04-03 15:27:56
28,Durazno,-53.15,-70.9167,46.4,76,40,33.38,CL,2021-04-03 15:27:56
29,Durazno,-34.4833,-54.3333,73.06,62,85,7.45,UY,2021-04-03 15:27:57
30,Durazno,22.2855,114.1577,79.0,69,9,4.43,HK,2021-04-03 15:27:11
31,Durazno,34.6667,138.95,61.0,83,83,4.07,JP,2021-04-03 15:27:57
32,Durazno,-24.7911,-50.0119,70.09,61,63,4.61,BR,2021-04-03 15:25:33
33,Durazno,20.1986,1.0114,94.66,4,0,11.05,ML,2021-04-03 15:27:58
34,Durazno,36.0751,32.8369,64.4,63,20,8.05,TR,2021-04-03 15:27:58
35,Durazno,-19.8436,34.8389,84.0,61,20,6.91,MZ,2021-04-03 15:27:59
36,Durazno,41.1794,20.315,68.0,39,75,10.36,AL,2021-04-03 15:28:00
37,Durazno,54.3161,-130.3201,37.4,93,90,4.61,CA,2021-04-03 15:28:00
38,Durazno,-0.7393,-90.3518,80.6,78,20,9.22,EC,2021-04-03 15:28:01
39,Durazno,65.6145,-37.6368,26.6,59,20,14.97,GL,2021-04-03 15:26:05
40,Durazno,-22.9661,-42.0278,82.4,69,20,6.91,BR,2021-04-03 15:28:01
41,Durazno,68.75,161.3,-19.52,91,53,3.42,RU,2021-04-03 15:28:02
42,Durazno,22.9036,-83.1592,75.09,53,34,17.27,CU,2021-04-03 15:28:02
43,Durazno,35.1333,140.3,62.01,84,90,11.14,JP,2021-04-03 15:28:02
44,Durazno,62.2266,-6.589,46.4,81,20,35.68,FO,2021-04-03 15:28:03
45,Durazno,-42.7826,147.0587,62.01,58,67,7.0,AU,2021-04-03 15:28:03
46,Durazno,-33.8667,121.9,64.4,72,90,14.97,AU,2021-04-03 15:28:04
47,Durazno,-23.1203,-134.9692,76.86,72,54,15.48,PF,2021-04-03 15:28:04
48,Durazno,21.3906,-158.1547,71.6,73,1,6.91,US,2021-04-03 15:28:04
49,Durazno,-33.5906,26.891,68.43,64,21,18.92,ZA,2021-04-03 15:28:05
50,Durazno,22.0752,-159.319,73.4,68,40,17.27,US,2021-04-03 15:28:05
51,Durazno,43.7501,-81.7165,42.8,42,100,18.41,CA,2021-04-03 15:25:08
52,Durazno,-2.0833,101.3833,64.38,97,100,1.57,ID,2021-04-03 15:28:08
53,Durazno,70.8578,29.0864,32.86,77,100,21.68,NO,2021-04-03 15:28:08
54,Durazno,66.0449,-17.3389,48.2,49,90,12.66,IS,2021-04-03 15:28:08
55,Durazno,-9.8,-139.0333,80.51,75,98,15.64,PF,2021-04-03 15:25:13
56,Durazno,-2.9248,-39.9167,84.61,72,33,14.79,BR,2021-04-03 15:28:09
57,Durazno,47.6666,-52.7314,44.01,100,90,10.36,CA,2021-04-03 15:28:10
58,Durazno,3.0707,172.7902,82.36,79,32,16.73,KI,2021-04-03 15:28:10
59,Durazno,29.9697,40.2064,71.6,14,0,8.05,SA,2021-04-03 15:28:10
60,Durazno,18.2164,42.5053,75.2,64,20,12.66,SA,2021-04-03 15:28:11
61,Durazno,33.194,-82.5271,54.0,26,1,3.83,US,2021-04-03 15:28:11
62,Durazno,-20.4081,57.7,80.6,83,75,6.91,MU,2021-04-03 15:28:12
63,Durazno,-33.918,25.5701,68.0,73,0,16.11,ZA,2021-04-03 15:25:11
64,Durazno,-42.8794,147.3294,62.6,51,40,11.5,AU,2021-04-03 15:28:12
65,Durazno,-21.2,-175.2,75.2,100,75,13.98,TO,2021-04-03 15:28:13
66,Durazno,13.2167,-59.5167,84.2,54,40,25.32,BB,2021-04-03 15:25:07
67,Durazno,10.9333,108.1,78.13,88,97,8.59,VN,2021-04-03 15:28:13
68,Durazno,35.5281,-108.7426,51.8,46,1,5.68,US,2021-04-03 15:26:36
69,Durazno,15.7432,-96.4661,87.01,65,1,4.63,MX,2021-04-03 15:28:14
70,Durazno,-5.1989,-35.4608,80.6,83,75,11.5,BR,2021-04-03 15:26:40
71,Durazno,-16.2567,-56.6228,96.22,37,79,1.3,BR,2021-04-03 15:28:15
72,Durazno,59.7035,30.7861,39.2,70,75,13.42,RU,2021-04-03 15:28:15
73,Durazno,64.8569,-147.8028,16.0,79,90,2.42,US,2021-04-03 15:28:15
74,Durazno,45.5234,-122.6762,46.0,81,75,3.44,US,2021-04-03 15:27:01
75,Durazno,21.4267,39.8261,84.07,25,11,14.92,SA,2021-04-03 15:28:16
76,Durazno,57.0531,-135.33,33.8,86,75,4.61,US,2021-04-03 15:28:17
77,Durazno,22.3797,110.9389,79.81,69,8,2.37,CN,2021-04-03 15:28:17
78,Durazno,-34.4187,19.2345,73.0,56,5,3.0,ZA,2021-04-03 15:28:18
79,Durazno,56.2589,83.9714,37.0,66,100,4.0,RU,2021-04-03 15:28:18
80,Durazno,55.7435,-97.8558,28.4,64,40,12.66,CA,2021-04-03 15:28:18
81,Durazno,51.6,7.7667,53.01,40,0,2.3,DE,2021-04-03 15:28:19
82,Durazno,-20.7377,116.8463,83.98,55,19,3.87,AU,2021-04-03 15:28:19
83,Durazno,-11.0964,-77.6139,72.93,75,70,7.49,PE,2021-04-03 15:28:20
84,Durazno,-16.9833,-65.1333,77.4,73,100,0.76,BO,2021-04-03 15:28:20
85,Durazno,47.1821,8.4636,48.2,49,20,9.22,CH,2021-04-03 15:28:21
86,Durazno,71.6872,128.8694,-12.66,100,100,6.51,RU,2021-04-03 15:26:26
87,Durazno,-46.6,168.3333,57.99,59,69,17.0,NZ,2021-04-03 15:25:57
88,Durazno,68.7098,-52.8699,-2.85,89,77,6.24,GL,2021-04-03 15:28:22
89,Durazno,-37.6167,-73.65,60.13,69,13,11.81,CL,2021-04-03 15:26:21
90,Durazno,5.3505,48.5268,84.06,68,8,13.22,SO,2021-04-03 15:24:54
91,Durazno,-16.1889,-67.7271,53.6,54,75,11.5,BO,2021-04-03 15:28:22
92,Durazno,26.1247,127.6694,73.4,88,75,3.44,JP,2021-04-03 15:28:23
93,Durazno,-35.1,173.7833,61.0,95,45,1.01,NZ,2021-04-03 15:28:23
94,Durazno,-8.7597,-35.1047,85.21,61,24,8.93,BR,2021-04-03 15:26:49
95,Durazno,61.4681,128.9203,-14.49,100,87,3.22,RU,2021-04-03 15:28:24
96,Durazno,67.3134,14.4493,41.0,87,75,25.32,NO,2021-04-03 15:28:24
97,Durazno,63.05,179.3167,0.39,88,100,16.46,RU,2021-04-03 15:28:25
98,Durazno,6.0367,80.217,80.94,81,52,9.71,LK,2021-04-03 15:28:25
99,Durazno,54.1169,-112.4686,33.8,80,88,4.03,CA,2021-04-03 15:28:26
100,Durazno,-29.4667,149.85,59.0,77,11,8.05,AU,2021-04-03 15:28:26
101,Durazno,-14.97,22.6814,84.67,35,5,8.01,ZM,2021-04-03 15:28:27
102,Durazno,-34.5322,20.0403,77.0,41,24,6.91,ZA,2021-04-03 15:25:29
103,Durazno,-38.0023,-57.5575,73.4,68,40,10.36,AR,2021-04-03 15:24:56
104,Durazno,51.3223,42.7678,39.99,90,100,11.63,RU,2021-04-03 15:28:28
105,Durazno,10.9995,122.6711,75.7,83,96,6.24,PH,2021-04-03 15:26:36
106,Durazno,28.8947,64.4101,86.22,10,0,6.04,PK,2021-04-03 15:28:28
107,Durazno,-24.7081,-47.5553,76.75,73,53,8.57,BR,2021-04-03 15:28:29
108,Durazno,-2.5744,150.7967,81.34,80,51,7.23,PG,2021-04-03 15:28:29
109,Durazno,57.79,-152.4072,42.8,61,75,10.36,US,2021-04-03 15:26:02
110,Durazno,4.6482,22.2633,82.81,61,98,4.16,CF,2021-04-03 15:28:30
111,Durazno,39.05,-27.9833,59.88,88,95,31.45,PT,2021-04-03 15:28:30
112,Durazno,-16.7,-151.0167,81.54,73,90,9.08,PF,2021-04-03 15:28:31
113,Durazno,66.1451,-65.7125,-9.4,59,1,10.36,CA,2021-04-03 15:28:31
114,Durazno,-35.7167,150.1833,62.01,96,0,1.99,AU,2021-04-03 15:28:31
115,Durazno,73.5069,80.5464,-18.29,84,14,5.7,RU,2021-04-03 15:28:32
116,Durazno,46.6166,10.7002,64.4,39,20,10.36,IT,2021-04-03 15:28:32
117,Durazno,-12.0432,-77.0282,75.99,73,0,4.61,PE,2021-04-03 15:27:09
118,Durazno,-12.7336,45.2042,86.0,70,20,3.44,YT,2021-04-03 15:28:33
119,Durazno,-16.4833,-151.75,81.52,73,88,6.26,PF,2021-04-03 15:28:33
120,Durazno,12.25,109.1833,80.6,89,20,6.91,VN,2021-04-03 15:28:34
121,Durazno,-19.55,169.2667,79.0,85,100,12.44,VU,2021-04-03 15:25:09
122,Durazno,42.8,93.45,56.05,10,100,3.69,CN,2021-04-03 15:28:34
123,Durazno,30.4091,-89.0436,62.01,36,1,12.66,US,2021-04-03 15:28:35
124,Durazno,-28.65,153.6167,69.8,88,90,3.44,AU,2021-04-03 15:27:36
125,Durazno,42.097,-79.2353,43.0,41,1,11.5,US,2021-04-03 15:27:21
126,Durazno,46.4856,135.8833,22.87,59,8,9.24,RU,2021-04-03 15:28:35
127,Durazno,50.5167,115.1333,36.59,45,57,8.28,RU,2021-04-03 15:28:36
128,Durazno,57.9883,33.9036,36.82,80,100,2.93,RU,2021-04-03 15:28:37
129,Durazno,35.4846,51.0829,64.4,16,20,36.82,IR,2021-04-03 15:28:37
130,Durazno,72.7868,-56.1549,-11.7,88,26,4.18,GL,2021-04-03 15:26:05
131,Durazno,25.5333,-103.25,71.6,43,40,11.5,MX,2021-04-03 15:28:38
132,Durazno,12.524,-70.027,84.2,70,75,25.32,AW,2021-04-03 15:28:38
133,Durazno,20.15,92.9,80.26,84,33,8.43,MM,2021-04-03 15:26:09
134,Durazno,-29.9533,-71.3436,62.6,77,20,3.44,CL,2021-04-03 15:23:56
135,Durazno,32.973,117.1995,45.54,79,100,10.0,CN,2021-04-03 15:28:39
136,Durazno,-33.0153,27.9116,68.0,64,0,12.66,ZA,2021-04-03 15:27:35
137,Durazno,54.4299,31.8996,40.01,70,100,5.28,RU,2021-04-03 15:28:40
138,Durazno,4.6374,103.4368,80.01,100,100,4.09,MY,2021-04-03 15:28:41
139,Durazno,69.7008,170.3133,-25.67,98,39,2.62,RU,2021-04-03 15:26:10
140,Durazno,-21.3585,55.7679,82.4,78,20,3.44,RE,2021-04-03 15:25:22
141,Durazno,2.0371,45.3438,82.94,77,71,15.39,SO,2021-04-03 15:24:31
142,Durazno,19.1194,-98.1708,53.6,58,1,6.91,MX,2021-04-03 15:28:42
143,Durazno,19.1059,37.3321,78.69,50,32,16.91,SD,2021-04-03 15:28:42
144,Durazno,-38.2667,141.9667,60.67,90,0,2.26,AU,2021-04-03 15:28:43
145,Durazno,23.75,78.85,86.0,7,0,2.37,IN,2021-04-03 15:28:43
146,Durazno,62.456,-114.3525,-6.0,77,20,6.91,CA,2021-04-03 15:27:36
147,Durazno,-6.1219,141.2906,73.29,98,100,4.38,PG,2021-04-03 15:28:44
148,Durazno,9.2333,29.8333,103.35,10,39,8.39,SS,2021-04-03 15:28:44
149,Durazno,-46.1333,167.6833,57.99,59,12,17.0,NZ,2021-04-03 15:28:44
150,Durazno,-3.8004,102.2655,76.66,87,99,14.45,ID,2021-04-03 15:28:45
151,Durazno,-34.6132,-58.3772,75.0,78,0,5.75,AR,2021-04-03 15:28:45
152,Durazno,22.8909,-109.9124,81.0,43,40,6.55,MX,2021-04-03 15:26:33
153,Durazno,-46.2817,169.8464,50.72,59,99,10.94,NZ,2021-04-03 15:24:58
154,Durazno,35.7333,140.8333,59.0,82,0,5.75,JP,2021-04-03 15:28:46
155,Durazno,-17.7333,-149.15,77.0,78,20,4.61,PF,2021-04-03 15:25:49
156,Durazno,70.4692,-68.5914,-16.6,76,20,2.3,CA,2021-04-03 15:28:47
157,Durazno,61.9449,76.6625,32.63,97,100,6.31,RU,2021-04-03 15:28:47
158,Durazno,71.2906,-156.7887,-25.6,75,20,4.61,US,2021-04-03 15:28:48
159,Durazno,55.8652,-4.2576,59.0,51,36,2.3,GB,2021-04-03 15:28:48
160,Durazno,17.9583,-102.2,83.01,51,9,2.46,MX,2021-04-03 15:28:49
161,Durazno,70.6333,147.9167,-24.38,100,63,4.45,RU,2021-04-03 15:28:49
162,Durazno,60.7522,-137.5108,-4.0,77,100,2.37,CA,2021-04-03 15:28:49
163,Durazno,-37.8333,140.7667,51.8,76,0,2.21,AU,2021-04-03 15:28:50
164,Durazno,59.3833,143.3,23.86,70,100,14.16,RU,2021-04-03 15:27:29
165,Durazno,22.6667,106.25,76.26,91,69,2.93,VN,2021-04-03 15:28:51
166,Durazno,-9.0153,-42.6994,93.65,34,19,7.58,BR,2021-04-03 15:28:51
167,Durazno,27.181,31.1837,69.8,30,0,12.66,EG,2021-04-03 15:28:51
168,Durazno,-34.7333,135.8667,68.29,59,0,3.24,AU,2021-04-03 15:25:04
169,Durazno,56.8479,124.9104,-9.87,99,51,2.64,RU,2021-04-03 15:28:52
170,Durazno,69.4865,88.3972,-11.18,73,0,6.26,RU,2021-04-03 15:28:52
171,Durazno,65.5833,-171.0,2.8,91,100,10.71,RU,2021-04-03 15:28:53
172,Durazno,50.6789,156.125,33.55,89,100,19.13,RU,2021-04-03 15:24:58
173,Durazno,9.5201,-84.3225,77.0,64,75,25.32,CR,2021-04-03 15:28:54
174,Durazno,-0.1303,-67.0892,82.4,78,75,4.61,BR,2021-04-03 15:28:54
175,Durazno,11.5444,-72.9072,83.12,65,100,10.22,CO,2021-04-03 15:28:55
176,Durazno,27.9769,-114.0611,60.78,79,7,10.31,MX,2021-04-03 15:28:55
177,Durazno,16.8634,-99.8901,82.4,47,1,5.75,MX,2021-04-03 15:26:27
178,Durazno,-20.5167,57.5167,80.6,83,75,6.91,MU,2021-04-03 15:28:56
179,Durazno,69.3833,178.4167,-22.38,95,99,5.26,RU,2021-04-03 15:28:56
180,Durazno,4.8845,-1.7554,84.81,70,55,10.89,GH,2021-04-03 15:28:56
181,Durazno,17.4833,106.6,74.95,93,59,1.88,VN,2021-04-03 15:28:57
182,Durazno,-19.0595,-169.9187,69.8,94,94,10.13,NU,2021-04-03 15:25:53
183,Durazno,-28.55,16.4333,69.31,62,0,17.81,NA,2021-04-03 15:28:57
184,Durazno,-5.5502,150.1429,75.85,92,96,3.11,PG,2021-04-03 15:28:58
185,Durazno,17.2833,74.55,81.01,45,72,17.0,IN,2021-04-03 15:28:58
186,Durazno,10.6667,122.95,79.11,78,100,8.88,PH,2021-04-03 15:28:59
187,Durazno,50.1001,-91.917,42.8,45,40,6.91,CA,2021-04-03 15:28:59
188,Durazno,37.6624,-121.8747,51.01,81,1,3.15,US,2021-04-03 15:28:59
189,Durazno,-2.5333,112.95,75.63,95,99,2.98,ID,2021-04-03 15:29:00
190,Durazno,61.2767,108.0108,8.83,97,100,4.38,RU,2021-04-03 15:29:00
191,Durazno,42.5617,-2.356,62.6,39,0,11.5,ES,2021-04-03 15:29:01
192,Durazno,34.6391,-120.4579,50.0,81,63,4.61,US,2021-04-03 15:29:01
193,Durazno,-21.3667,55.6167,82.4,78,20,3.44,RE,2021-04-03 15:25:32
194,Durazno,37.9333,-121.3011,52.0,87,1,5.75,US,2021-04-03 15:29:02
195,Durazno,-20.7394,-46.7522,83.86,46,5,2.39,BR,2021-04-03 15:29:02
196,Durazno,13.35,-15.75,103.62,14,22,3.8,GM,2021-04-03 15:29:02
197,Durazno,33.7333,135.9833,56.55,87,41,4.0,JP,2021-04-03 15:29:03
198,Durazno,-13.7,-76.2167,75.2,73,61,6.91,PE,2021-04-03 15:24:43
199,Durazno,-24.8667,113.6333,80.6,74,40,19.57,AU,2021-04-03 15:29:03
200,Durazno,-24.6895,23.494,88.9,20,2,9.1,BW,2021-04-03 15:29:04
201,Durazno,-38.6533,178.0042,48.99,93,19,1.99,NZ,2021-04-03 15:27:02
202,Durazno,20.785,-156.4656,68.0,100,40,5.75,US,2021-04-03 15:24:28
203,Durazno,50.3828,106.1056,35.85,40,10,4.0,RU,2021-04-03 15:29:05
204,Durazno,71.9167,114.0833,-16.62,99,99,2.28,RU,2021-04-03 15:25:29
205,Durazno,-3.6667,152.4333,79.99,82,63,6.11,PG,2021-04-03 15:29:05
206,Durazno,-26.6481,15.1594,80.29,45,0,23.47,NA,2021-04-03 15:29:06
207,Durazno,14.7328,-6.1219,102.6,3,17,11.03,ML,2021-04-03 15:29:06
208,Durazno,50.6996,-127.4199,42.8,100,90,2.3,CA,2021-04-03 15:29:07
209,Durazno,55.4083,58.6044,35.67,77,98,9.48,RU,2021-04-03 15:29:07
210,Durazno,5.4112,100.3354,86.0,74,20,4.61,MY,2021-04-03 15:27:22
211,Durazno,-43.3002,-65.1023,76.21,41,7,11.79,AR,2021-04-03 15:25:07
212,Durazno,48.7555,-91.6216,42.04,68,32,6.82,CA,2021-04-03 15:29:08
213,Durazno,40.5982,-124.1573,46.99,93,90,5.75,US,2021-04-03 15:25:00
214,Durazno,7.4167,81.8167,80.71,88,35,4.41,LK,2021-04-03 15:29:09
215,Durazno,32.1167,20.0667,72.61,40,1,15.05,LY,2021-04-03 15:29:09
216,Durazno,-0.6,73.0833,83.62,75,51,15.97,MV,2021-04-03 15:29:10
217,Durazno,-4.8828,-66.8958,81.16,86,93,4.27,BR,2021-04-03 15:29:10
218,Durazno,-16.7725,31.5838,77.97,48,8,3.65,ZW,2021-04-03 15:29:11
219,Durazno,20.4167,72.85,80.02,73,8,10.67,IN,2021-04-03 15:29:11
220,Durazno,-0.4536,39.6401,94.6,37,81,16.02,KE,2021-04-03 15:29:12
221,Durazno,28.3667,129.4833,66.16,90,60,7.27,JP,2021-04-03 15:29:12
222,Durazno,0.5167,25.2,91.4,58,20,3.38,CD,2021-04-03 15:29:12
223,Durazno,11.6667,92.75,78.94,75,100,3.67,IN,2021-04-03 15:29:13
224,Durazno,19.8,85.85,84.2,84,75,6.91,IN,2021-04-03 15:29:13
225,Durazno,35.8419,14.5431,69.8,64,0,9.22,MT,2021-04-03 15:29:14
226,Durazno,70.0311,20.9714,39.07,76,100,15.21,NO,2021-04-03 15:29:14
227,Durazno,25.2088,64.6357,81.68,68,0,13.09,PK,2021-04-03 15:25:54
228,Durazno,10.5669,72.642,83.25,61,100,9.6,IN,2021-04-03 15:29:15
229,Durazno,53.9833,123.9167,19.22,92,100,2.42,RU,2021-04-03 15:29:15
230,Durazno,13.5137,2.1098,100.4,4,1,10.36,NE,2021-04-03 15:27:10
231,Durazno,53.0833,85.6667,23.86,94,86,5.88,RU,2021-04-03 15:29:16
232,Durazno,3.1655,-52.3158,83.44,73,73,4.25,GF,2021-04-03 15:29:16
233,Durazno,31.5917,54.4318,77.0,25,75,21.85,IR,2021-04-03 15:27:10
234,Durazno,22.1667,83.35,84.54,14,7,0.83,IN,2021-04-03 15:29:17
235,Durazno,13.9833,-14.8,104.68,10,5,4.83,SN,2021-04-03 15:25:16
236,Durazno,57.2829,55.4567,34.92,92,80,9.37,RU,2021-04-03 15:29:18
237,Durazno,41.1702,75.8106,28.99,39,17,1.88,KG,2021-04-03 15:29:18
238,Durazno,5.6167,-54.4,81.36,85,78,4.72,SR,2021-04-03 15:29:19
239,Durazno,39.9635,-4.8308,69.01,47,6,6.73,ES,2021-04-03 15:29:19
240,Durazno,66.7697,123.3711,-10.71,99,100,3.56,RU,2021-04-03 15:29:19
241,Durazno,51.1537,37.8879,44.15,58,95,9.42,RU,2021-04-03 15:29:20
242,Durazno,40.2015,-77.1889,45.0,24,4,1.99,US,2021-04-03 15:29:18
243,Durazno,-15.8631,-38.8828,86.0,70,20,9.22,BR,2021-04-03 15:29:21
244,Durazno,-35.3333,-72.4167,67.53,50,0,6.8,CL,2021-04-03 15:29:21
245,Durazno,7.9178,98.3332,84.2,79,20,8.05,TH,2021-04-03 15:26:13
246,Durazno,52.7939,89.8983,30.88,84,100,5.86,RU,2021-04-03 15:29:22
247,Durazno,43.3236,145.575,40.5,89,100,25.03,JP,2021-04-03 15:27:16
248,Durazno,-26.5833,18.1333,91.4,16,20,4.61,NA,2021-04-03 15:29:22
249,Durazno,39.1834,-84.5333,48.99,39,1,8.05,US,2021-04-03 15:29:23
250,Durazno,63.8567,57.3094,29.16,91,100,4.29,RU,2021-04-03 15:29:23
251,Durazno,6.8561,7.3927,98.6,32,20,4.61,NG,2021-04-03 15:29:24
252,Durazno,-27.4831,-50.1219,71.53,56,19,4.63,BR,2021-04-03 15:29:24
253,Durazno,-23.7,133.8833,64.4,63,0,9.28,AU,2021-04-03 15:29:25
254,Durazno,37.4966,61.9714,80.6,26,75,18.41,TM,2021-04-03 15:26:15
255,Durazno,6.1241,81.1185,82.4,78,0,4.61,LK,2021-04-03 15:26:36
256,Durazno,63.2842,118.3319,-18.87,100,90,2.37,RU,2021-04-03 15:29:26
257,Durazno,9.0833,3.85,100.71,8,68,6.29,NG,2021-04-03 15:29:26
258,Durazno,56.9064,118.2631,12.67,80,66,2.1,RU,2021-04-03 15:29:27
259,Durazno,63.7506,-68.5145,-4.0,59,20,6.4,CA,2021-04-03 15:25:17
260,Durazno,37.4636,-122.4286,51.01,71,90,3.44,US,2021-04-03 15:26:02
261,Durazno,38.7666,-120.5177,57.2,33,1,6.91,US,2021-04-03 15:29:27
262,Durazno,77.484,-69.3632,-11.87,87,100,10.54,GL,2021-04-03 15:29:28
263,Durazno,-8.0089,-34.8553,84.2,65,40,14.97,BR,2021-04-03 15:29:28
264,Durazno,-41.0667,145.9167,60.78,74,3,8.63,AU,2021-04-03 15:28:21
265,Durazno,9.1924,117.8141,80.17,83,44,3.29,PH,2021-04-03 15:29:29
266,Durazno,16.0678,108.2208,80.6,83,40,3.44,VN,2021-04-03 15:29:30
267,Durazno,28.7833,76.1333,82.26,7,0,8.7,IN,2021-04-03 15:29:30
268,Durazno,28.5,-106.0,70.0,34,1,2.35,MX,2021-04-03 15:29:30
269,Durazno,48.6431,31.6366,50.5,40,100,5.12,UA,2021-04-03 15:29:31
270,Durazno,14.9215,-23.5087,86.0,32,0,17.27,CV,2021-04-03 15:29:31
271,Durazno,13.6017,26.6876,90.54,9,32,19.71,SD,2021-04-03 15:25:09
272,Durazno,24.8,125.2833,73.99,83,87,15.86,JP,2021-04-03 15:29:32
273,Durazno,60.9167,-46.05,39.2,81,75,3.44,GL,2021-04-03 15:29:32
274,Durazno,5.3833,-52.95,80.85,80,97,7.43,GF,2021-04-03 15:29:33
275,Durazno,-13.275,-50.1628,82.11,67,100,3.47,BR,2021-04-03 15:29:33
276,Durazno,31.0835,-97.6597,57.2,72,100,13.8,US,2021-04-03 15:29:34
277,Durazno,58.9848,-2.9587,48.2,71,75,31.07,GB,2021-04-03 15:29:34
278,Durazno,32.6941,47.2679,66.34,29,0,17.74,IR,2021-04-03 15:29:35
279,Durazno,64.2956,41.9211,35.6,60,20,4.47,RU,2021-04-03 15:29:35
280,Durazno,57.2645,16.4484,45.0,51,41,5.01,SE,2021-04-03 15:29:36
281,Durazno,53.8485,42.7676,34.07,82,100,8.72,RU,2021-04-03 15:29:36
282,Durazno,-2.5364,-57.76,83.8,72,96,5.32,BR,2021-04-03 15:29:36
283,Durazno,-12.7406,-60.1458,82.4,69,40,9.22,BR,2021-04-03 15:29:37
284,Durazno,36.7631,45.7222,48.31,50,26,9.57,IR,2021-04-03 15:29:37
285,Durazno,3.8653,-67.9239,77.81,89,100,1.57,CO,2021-04-03 15:29:38
286,Durazno,69.3497,87.7602,-13.56,75,1,5.53,RU,2021-04-03 15:29:38
287,Durazno,37.1041,-113.5841,55.4,35,1,3.2,US,2021-04-03 15:29:38
288,Durazno,65.282,-126.8329,-4.0,71,75,4.61,CA,2021-04-03 15:29:39
289,Durazno,-6.6024,147.8681,78.33,88,100,8.61,PG,2021-04-03 15:29:39
290,Durazno,39.2911,44.4521,49.14,43,65,9.93,IR,2021-04-03 15:29:40
291,Durazno,34.4133,-119.861,55.99,87,90,5.75,US,2021-04-03 15:29:40
292,Durazno,23.1,80.05,86.34,7,0,6.51,IN,2021-04-03 15:29:41
293,Durazno,34.9833,139.8667,61.0,84,71,11.61,JP,2021-04-03 15:27:30
294,Durazno,5.8808,-10.0467,89.6,66,40,11.5,LR,2021-04-03 15:29:41
295,Durazno,13.7539,-13.7586,105.8,37,0,4.61,SN,2021-04-03 15:29:42
296,Durazno,27.9054,-15.4461,71.6,56,20,29.93,ES,2021-04-03 15:29:42
297,Durazno,37.2001,-94.3502,59.0,33,1,18.41,US,2021-04-03 15:29:43
298,Durazno,34.7222,5.3785,86.0,12,0,13.8,DZ,2021-04-03 15:29:43
299,Durazno,49.758,129.523,28.27,46,0,8.39,RU,2021-04-03 15:29:44
300,Durazno,71.9667,102.5,-24.99,90,14,4.41,RU,2021-04-03 15:29:44
301,Durazno,54.4815,53.471,33.75,99,100,2.28,RU,2021-04-03 15:29:44
302,Durazno,-22.4333,-151.3333,79.29,64,83,16.35,PF,2021-04-03 15:29:45
303,Durazno,44.3525,143.3525,44.01,77,100,5.99,JP,2021-04-03 15:29:45
304,Durazno,64.3833,-173.3,5.45,93,99,11.68,RU,2021-04-03 15:29:46
305,Durazno,-4.9408,122.5276,77.67,88,100,3.8,ID,2021-04-03 15:29:46
306,Durazno,39.1502,-123.2078,46.4,76,90,0.63,US,2021-04-03 15:29:47
307,Durazno,-33.0117,17.9442,77.0,41,33,12.66,ZA,2021-04-03 15:29:47
308,Durazno,38.7992,-9.4469,63.0,72,20,14.97,PT,2021-04-03 15:29:47
309,Durazno,-22.0016,148.0466,67.46,86,40,16.33,AU,2021-04-03 15:29:48
310,Durazno,42.2089,12.7292,63.0,59,95,5.01,IT,2021-04-03 15:29:48
311,Durazno,18.0858,-15.9785,107.6,8,9,14.97,MR,2021-04-03 15:25:29
312,Durazno,-15.7167,46.3167,87.8,70,20,4.34,MG,2021-04-03 15:29:49
313,Durazno,39.7767,30.5206,51.8,76,75,9.22,TR,2021-04-03 15:29:49
314,Durazno,40.6995,-99.0815,60.8,47,1,6.8,US,2021-04-03 15:29:50
315,Durazno,1.3292,172.9752,80.6,83,20,11.5,KI,2021-04-03 15:29:50
316,Durazno,54.6012,86.2459,30.74,89,100,9.84,RU,2021-04-03 15:29:50
317,Durazno,61.1417,45.9144,30.92,88,59,1.97,RU,2021-04-03 15:29:51
318,Durazno,-2.6741,141.3028,77.58,88,100,6.51,PG,2021-04-03 15:29:51
319,Durazno,-8.8978,-35.1478,84.74,63,13,9.1,BR,2021-04-03 15:29:52
320,Durazno,60.1432,-45.2371,36.61,99,100,3.42,GL,2021-04-03 15:24:53
321,Durazno,33.6076,-88.6503,53.6,43,1,6.91,US,2021-04-03 15:27:48
322,Durazno,27.7253,-82.7412,66.0,59,1,18.41,US,2021-04-03 15:29:52
323,Durazno,-0.9,-89.6,80.6,83,20,9.22,EC,2021-04-03 15:29:53
324,Durazno,41.8167,140.65,46.36,94,100,4.45,JP,2021-04-03 15:29:53
325,Durazno,-45.8742,170.5036,57.29,48,99,8.59,NZ,2021-04-03 15:25:41
326,Durazno,7.9986,124.2928,68.83,95,95,0.94,PH,2021-04-03 15:29:54
327,Durazno,20.7833,86.7667,80.62,78,39,6.8,IN,2021-04-03 15:29:54
328,Durazno,-31.6333,-60.7,82.0,53,53,1.99,AR,2021-04-03 15:29:55
329,Durazno,-20.3428,57.7575,81.0,83,75,6.91,MU,2021-04-03 15:29:55
330,Durazno,29.85,80.5333,56.62,15,20,8.88,IN,2021-04-03 15:25:44
331,Durazno,-34.0033,24.7314,72.0,62,28,8.01,ZA,2021-04-03 15:29:56
332,Durazno,40.81,114.8794,42.89,23,2,6.26,CN,2021-04-03 15:29:56
333,Durazno,34.6959,44.9661,65.3,35,25,8.25,IQ,2021-04-03 15:29:57
334,Durazno,2.8197,-60.6733,89.6,45,40,20.71,BR,2021-04-03 15:29:57
335,Durazno,-20.3297,-40.2925,82.4,65,40,13.8,BR,2021-04-03 15:27:20
336,Durazno,36.8167,117.8167,43.52,38,79,1.59,CN,2021-04-03 15:29:58
337,Durazno,62.0989,126.6992,-20.04,100,64,1.95,RU,2021-04-03 15:29:58
338,Durazno,6.4965,2.6036,89.6,70,40,11.5,BJ,2021-04-03 15:29:58
339,Durazno,-0.9492,100.3543,75.2,83,75,6.91,ID,2021-04-03 15:29:59
340,Durazno,50.7214,136.6319,25.2,55,23,17.83,RU,2021-04-03 15:30:00
341,Durazno,65.7,82.4667,25.9,95,100,4.03,RU,2021-04-03 15:30:00
342,Durazno,45.4612,8.0137,66.99,47,61,7.0,IT,2021-04-03 15:30:01
343,Durazno,7.7669,-72.225,87.8,45,40,21.85,VE,2021-04-03 15:30:01
344,Durazno,43.6125,122.2653,38.23,22,64,0.31,CN,2021-04-03 15:30:01
345,Durazno,44.5086,50.263,45.57,77,11,6.4,KZ,2021-04-03 15:30:02
346,Durazno,22.6783,-3.9836,102.92,5,85,11.63,ML,2021-04-03 15:30:02
347,Durazno,55.2421,43.097,33.82,76,100,8.25,RU,2021-04-03 15:30:03
348,Durazno,-34.5833,150.8552,64.0,86,10,1.01,AU,2021-04-03 15:30:03
349,Durazno,66.8333,70.8333,21.49,97,87,8.99,RU,2021-04-03 15:30:04
350,Durazno,-21.05,31.6667,81.79,43,20,9.08,ZW,2021-04-03 15:30:04
351,Durazno,-30.3833,153.1,64.4,88,75,3.44,AU,2021-04-03 15:30:05
352,Durazno,36.3487,-82.2107,46.4,31,1,4.61,US,2021-04-03 15:30:05
353,Durazno,36.0986,120.3719,46.4,42,0,13.42,CN,2021-04-03 15:30:06
354,Durazno,-21.15,149.2,71.6,94,90,11.5,AU,2021-04-03 15:30:06
355,Durazno,-44.7,169.15,43.72,80,0,9.37,NZ,2021-04-03 15:30:06
356,Durazno,2.1837,-73.7849,79.27,79,94,2.68,CO,2021-04-03 15:30:07
357,Durazno,-10.4056,-36.4344,85.68,60,4,9.86,BR,2021-04-03 15:30:07
358,Durazno,46.5927,-112.0361,46.99,52,1,3.44,US,2021-04-03 15:30:08
359,Durazno,60.4667,166.1,-10.89,99,30,5.55,RU,2021-04-03 15:30:08
360,Durazno,39.6367,141.9525,49.84,87,35,7.52,JP,2021-04-03 15:28:06
361,Durazno,-25.2986,152.8535,71.01,92,100,4.0,AU,2021-04-03 15:30:09
362,Durazno,36.1501,-86.2833,52.0,32,1,8.05,US,2021-04-03 15:30:09
363,Durazno,-26.9337,29.2415,80.01,38,4,5.01,ZA,2021-04-03 15:30:10
364,Durazno,-20.3167,118.5667,77.0,73,39,5.75,AU,2021-04-03 15:30:10
365,Durazno,54.7804,-127.1743,32.0,80,75,4.61,CA,2021-04-03 15:27:08
366,Durazno,-15.4311,-74.6158,81.95,54,76,10.22,PE,2021-04-03 15:30:11
367,Durazno,37.1666,-119.8343,62.01,48,0,1.01,US,2021-04-03 15:30:11
368,Durazno,23.4833,80.1167,84.07,7,0,5.37,IN,2021-04-03 15:30:12
369,Durazno,64.0049,-22.5624,42.8,87,90,33.38,IS,2021-04-03 15:30:12
370,Durazno,-15.1022,-44.0919,88.5,45,100,4.47,BR,2021-04-03 15:30:13
371,Durazno,18.4167,-64.6167,82.4,65,40,13.8,VG,2021-04-03 15:30:13
372,Durazno,18.7369,7.3853,92.64,4,2,9.62,NE,2021-04-03 15:30:14
373,Durazno,-23.865,35.3833,82.4,57,40,5.75,MZ,2021-04-03 15:30:14
374,Durazno,58.5169,-117.136,17.6,73,40,8.05,CA,2021-04-03 15:30:14
375,Durazno,49.6501,-108.4181,44.6,39,99,8.05,CA,2021-04-03 15:30:15
376,Durazno,-15.1961,12.1522,87.8,66,40,9.22,AO,2021-04-03 15:30:15
377,Durazno,69.5763,20.2189,37.4,87,75,26.46,NO,2021-04-03 15:30:16
378,Durazno,8.3018,30.1418,97.18,14,47,5.5,SS,2021-04-03 15:30:16
379,Durazno,34.37,73.4711,60.44,40,59,6.44,PK,2021-04-03 15:30:17
380,Durazno,-25.0519,33.6442,75.88,72,67,15.21,MZ,2021-04-03 15:30:17
381,Durazno,31.3347,-109.9483,70.0,24,0,1.99,MX,2021-04-03 15:30:17
382,Durazno,6.3654,2.4183,89.6,70,40,11.5,BJ,2021-04-03 15:30:19
383,Durazno,37.4833,141.0,55.99,81,0,9.98,JP,2021-04-03 15:30:19
384,Durazno,-17.4681,-41.8753,74.14,86,98,3.58,BR,2021-04-03 15:30:20
385,Durazno,17.6667,82.6167,80.28,78,16,6.31,IN,2021-04-03 15:30:20
386,Durazno,-17.7125,-39.2481,81.82,69,64,7.96,BR,2021-04-03 15:30:21
387,Durazno,-17.3019,31.3306,77.0,29,4,8.99,ZW,2021-04-03 15:30:22
388,Durazno,65.441,52.1498,23.63,95,100,2.08,RU,2021-04-03 15:30:22
389,Durazno,-36.2333,149.1333,44.6,93,0,2.19,AU,2021-04-03 15:30:22
390,Durazno,5.3998,26.4869,87.62,27,99,3.69,CF,2021-04-03 15:30:23
391,Durazno,20.5022,-10.0711,101.16,4,80,11.52,MR,2021-04-03 15:25:28
392,Durazno,17.0151,54.0924,84.2,74,0,9.22,OM,2021-04-03 15:26:14
393,Durazno,23.1935,116.6142,75.2,83,39,4.47,CN,2021-04-03 15:30:24
394,Durazno,2.0167,112.9333,73.56,94,100,0.76,MY,2021-04-03 15:30:24
395,Durazno,4.75,-55.1667,82.81,71,71,2.84,SR,2021-04-03 15:30:25
396,Durazno,25.5198,90.2201,75.0,15,0,3.02,IN,2021-04-03 15:30:25
397,Durazno,-29.9078,-71.2542,62.6,77,20,3.44,CL,2021-04-03 15:30:26
398,Durazno,20.8947,-156.47,68.0,100,40,5.75,US,2021-04-03 15:30:26
399,Durazno,26.4333,-99.15,73.0,64,90,11.5,MX,2021-04-03 15:30:26
400,Durazno,37.9795,23.7162,66.99,52,0,9.22,GR,2021-04-03 15:29:23
401,Durazno,36.365,6.6147,68.0,40,40,17.27,DZ,2021-04-03 15:30:27
402,Durazno,38.7296,-120.7986,57.2,33,1,6.91,US,2021-04-03 15:30:28
403,Durazno,-2.9167,104.7458,75.63,94,61,2.84,ID,2021-04-03 15:30:28
404,Durazno,-18.7667,46.0333,69.35,67,4,2.66,MG,2021-04-03 15:30:29
405,Durazno,20.4487,121.9702,78.78,80,14,11.95,PH,2021-04-03 15:30:29
406,Durazno,61.67,96.37,24.85,98,100,1.36,RU,2021-04-03 15:30:29
407,Durazno,-14.4086,-56.4461,86.65,57,100,4.03,BR,2021-04-03 15:27:07
408,Durazno,28.2211,61.2158,79.11,16,0,11.45,IR,2021-04-03 15:30:30
409,Durazno,38.8876,-76.5119,46.0,36,1,10.36,US,2021-04-03 15:30:30
410,Durazno,70.3705,31.1107,33.39,79,100,20.38,NO,2021-04-03 15:30:31
411,Durazno,52.9273,78.58,17.85,93,46,4.56,RU,2021-04-03 15:30:31
412,Durazno,-22.8167,47.2833,65.75,93,2,1.97,MG,2021-04-03 15:30:32
413,Durazno,34.7039,116.5872,41.27,51,27,7.11,CN,2021-04-03 15:30:32
414,Durazno,63.0128,112.4714,-19.55,100,52,3.74,RU,2021-04-03 15:30:32
415,Durazno,69.1989,33.4478,37.4,52,0,4.47,RU,2021-04-03 15:30:33
416,Durazno,53.9253,-3.0109,59.0,66,20,12.66,GB,2021-04-03 15:30:33
417,Durazno,40.1333,63.45,66.0,40,17,8.08,UZ,2021-04-03 15:30:34
418,Durazno,-41.8697,-73.8203,57.2,62,0,3.44,CL,2021-04-03 15:26:25
419,Durazno,28.0206,-97.0544,71.6,60,1,13.8,US,2021-04-03 15:30:34
420,Durazno,-12.2333,136.7667,77.0,88,100,5.75,AU,2021-04-03 15:30:35
421,Durazno,32.6667,-17.1,63.0,61,67,5.01,PT,2021-04-03 15:30:35
422,Durazno,4.1363,96.1285,77.29,85,100,2.42,ID,2021-04-03 15:30:36
423,Durazno,68.0531,39.5131,22.82,91,30,7.87,RU,2021-04-03 15:26:13
424,Durazno,64.5011,-165.4064,17.6,79,90,4.76,US,2021-04-03 15:30:36
425,Durazno,33.0728,107.0303,49.77,90,100,3.31,CN,2021-04-03 15:30:37
426,Durazno,-10.4544,161.9205,79.83,86,100,6.89,SB,2021-04-03 15:30:37
427,Durazno,17.15,-95.0667,75.85,59,56,12.77,MX,2021-04-03 15:30:38
428,Durazno,42.1584,-72.3287,43.0,24,1,8.05,US,2021-04-03 15:28:19
429,Durazno,4.8699,-2.2405,83.89,72,62,9.86,GH,2021-04-03 15:30:38
430,Durazno,-31.4241,-64.4978,75.2,46,0,16.11,AR,2021-04-03 15:30:39
431,Durazno,23.55,86.6667,90.0,34,1,5.84,IN,2021-04-03 15:30:39
432,Durazno,39.0286,121.695,48.2,25,0,8.95,CN,2021-04-03 15:30:40
433,Durazno,40.2833,97.2,45.84,56,100,13.87,CN,2021-04-03 15:30:40
434,Durazno,55.1956,80.2811,21.83,94,35,8.08,RU,2021-04-03 15:30:41
435,Durazno,50.0969,128.0489,26.6,36,0,4.47,RU,2021-04-03 15:30:41
436,Durazno,40.5917,36.9517,54.21,66,87,2.48,TR,2021-04-03 15:30:41
437,Durazno,28.6585,-17.9182,69.8,60,75,11.5,ES,2021-04-03 15:30:42
438,Durazno,51.1801,71.446,33.8,80,0,13.42,KZ,2021-04-03 15:30:42
439,Durazno,46.6333,24.2167,45.0,81,40,4.61,RO,2021-04-03 15:30:43
440,Durazno,-31.2503,-61.4867,78.01,41,86,5.99,AR,2021-04-03 15:30:43
441,Durazno,58.6881,99.1844,30.25,96,100,7.92,RU,2021-04-03 15:30:44
442,Durazno,44.9167,27.0,48.24,75,100,10.22,RO,2021-04-03 15:30:44
443,Durazno,5.1801,97.1507,82.24,81,100,11.79,ID,2021-04-03 15:27:21
444,Durazno,-15.0333,-73.7833,60.1,59,96,8.28,PE,2021-04-03 15:30:45
445,Durazno,-34.6667,-54.9167,77.0,57,75,9.22,UY,2021-04-03 15:30:45
446,Durazno,64.5401,40.5433,35.6,60,20,4.47,RU,2021-04-03 15:30:46
447,Durazno,-18.0607,13.84,83.62,35,23,12.73,NA,2021-04-03 15:30:46
448,Durazno,-16.8392,36.9856,73.47,92,73,5.3,MZ,2021-04-03 15:30:47
449,Durazno,-31.4135,-64.1811,75.2,46,0,16.11,AR,2021-04-03 15:26:30
450,Durazno,-30.1811,-50.2056,75.33,66,1,12.08,BR,2021-04-03 15:30:47
451,Durazno,51.3813,1.3862,48.99,59,83,8.01,GB,2021-04-03 15:30:48
452,Durazno,-16.1667,49.7667,75.56,90,77,4.7,MG,2021-04-03 15:30:48
453,Durazno,9.4942,50.8122,80.47,73,23,9.57,SO,2021-04-03 15:30:49
454,Durazno,-20.2833,44.2833,79.92,73,5,8.23,MG,2021-04-03 15:30:49
455,Durazno,5.9527,10.1582,84.54,24,90,1.21,CM,2021-04-03 15:30:49
456,Durazno,2.05,99.75,73.76,95,99,3.0,ID,2021-04-03 15:30:50
457,Durazno,35.9306,36.6339,62.6,67,40,10.36,SY,2021-04-03 15:30:50
458,Durazno,30.4833,-115.95,63.1,72,0,9.19,MX,2021-04-03 15:30:51
459,Durazno,-8.19,114.9675,80.6,89,20,1.14,ID,2021-04-03 15:30:51
460,Durazno,-45.8667,-67.5,64.4,48,0,11.5,AR,2021-04-03 15:30:51
461,Durazno,32.6881,128.8419,64.9,94,100,18.99,JP,2021-04-03 15:30:52
462,Durazno,8.7341,76.7067,86.0,66,20,9.22,IN,2021-04-03 15:30:52
463,Durazno,35.2378,-106.6067,62.01,33,4,5.99,US,2021-04-03 15:30:53
464,Durazno,15.2833,-23.7667,86.0,32,0,17.27,CV,2021-04-03 15:30:53
465,Durazno,-6.1349,12.3689,84.2,84,40,6.91,AO,2021-04-03 15:30:54
466,Durazno,41.2647,125.3667,36.25,49,97,6.58,CN,2021-04-03 15:30:54
467,Durazno,50.1,1.8333,48.99,62,15,14.99,FR,2021-04-03 15:30:54
468,Durazno,12.35,32.1833,97.66,12,30,16.08,SD,2021-04-03 15:30:55
469,Durazno,-19.9842,57.6142,81.0,76,3,3.0,MU,2021-04-03 15:30:55
470,Durazno,63.9061,38.1404,27.03,95,70,1.68,RU,2021-04-03 15:30:56
471,Durazno,-3.45,104.25,74.59,96,96,0.85,ID,2021-04-03 15:30:56
472,Durazno,-17.8,-63.1667,84.2,61,75,10.36,BO,2021-04-03 15:30:00
473,Durazno,18.4411,1.4078,93.97,4,1,10.85,ML,2021-04-03 15:30:57
474,Durazno,64.8989,45.7622,24.82,94,82,2.08,RU,2021-04-03 15:30:57
475,Durazno,36.0942,28.0157,64.4,68,40,2.3,GR,2021-04-03 15:30:58
476,Durazno,28.1227,-16.726,73.4,49,40,23.02,ES,2021-04-03 15:27:05
477,Durazno,-45.5752,-72.0662,59.0,51,40,2.3,CL,2021-04-03 15:30:58
478,Durazno,-21.3393,55.4781,82.4,78,20,3.44,RE,2021-04-03 15:30:59
479,Durazno,69.2167,-51.1,-2.96,74,15,2.24,GL,2021-04-03 15:30:59
480,Durazno,-3.2997,-60.6206,87.8,70,75,6.91,BR,2021-04-03 15:31:00
481,Durazno,-31.4333,152.9167,63.0,100,99,4.72,AU,2021-04-03 15:27:57
482,Durazno,38.7333,-27.0667,60.8,94,75,24.07,PT,2021-04-03 15:31:00
483,Durazno,54.0524,-128.6534,33.01,96,100,3.24,CA,2021-04-03 15:31:01
484,Durazno,56.0013,55.9213,33.37,99,100,3.22,RU,2021-04-03 15:31:01
485,Durazno,45.7453,-87.0646,46.0,56,1,8.05,US,2021-04-03 15:31:02
486,Durazno,45.6297,41.4023,51.19,64,100,16.15,RU,2021-04-03 15:31:02
487,Durazno,-30.0319,-70.7081,62.6,77,20,3.44,CL,2021-04-03 15:31:03
488,Durazno,-25.1667,45.05,74.79,72,0,7.9,MG,2021-04-03 15:31:03
489,Durazno,60.3964,-1.353,46.4,87,75,20.71,GB,2021-04-03 15:31:04
490,Durazno,-31.95,141.4333,71.6,37,0,9.22,AU,2021-04-03 15:28:09
491,Durazno,3.5167,15.05,93.42,23,100,3.49,CM,2021-04-03 15:31:04
492,Durazno,10.2676,13.2644,96.08,8,15,11.81,NG,2021-04-03 15:31:05
493,Durazno,-8.8389,-69.2597,78.33,94,100,2.91,BR,2021-04-03 15:31:05
494,Durazno,20.5169,-13.0499,103.1,8,68,10.58,MR,2021-04-03 15:31:05
495,Durazno,11.0297,20.2827,100.67,9,86,5.19,TD,2021-04-03 15:31:06
496,Durazno,-20.0064,57.6608,81.0,76,3,3.0,MU,2021-04-03 15:31:06
497,Durazno,-32.25,148.6167,60.8,82,100,6.91,AU,2021-04-03 15:31:07
498,Durazno,69.4058,86.1778,-19.97,93,12,4.7,RU,2021-04-03 15:31:07
499,Durazno,51.6668,-105.4679,41.0,45,81,9.22,CA,2021-04-03 15:31:07
500,Durazno,14.8872,120.8572,84.0,74,20,4.61,PH,2021-04-03 15:31:08
501,Durazno,67.667,12.6934,40.69,83,100,23.89,NO,2021-04-03 15:31:08
502,Durazno,18.8003,110.3967,76.95,94,54,5.46,CN,2021-04-03 15:26:21
503,Durazno,56.8,124.8,-11.04,99,54,2.75,RU,2021-04-03 15:31:09
504,Durazno,7.7029,27.9953,95.5,14,61,4.18,SS,2021-04-03 15:31:09
505,Durazno,13.2167,80.3167,84.2,79,20,5.75,IN,2021-04-03 15:31:10
506,Durazno,21.3069,-157.8583,71.6,68,20,3.44,US,2021-04-03 15:31:10
507,Durazno,49.229,41.8306,48.63,83,100,13.51,RU,2021-04-03 15:31:11
508,Durazno,38.5167,-28.7,62.6,94,75,25.32,PT,2021-04-03 15:31:11
509,Durazno,51.3513,48.2766,40.78,86,57,8.77,RU,2021-04-03 15:31:11
510,Durazno,28.1461,-82.7568,66.0,48,1,11.5,US,2021-04-03 15:31:12
511,Durazno,51.5877,-2.9984,54.0,56,5,7.0,GB,2021-04-03 15:29:47
512,Durazno,19.75,10.25,86.72,6,36,11.36,NE,2021-04-03 15:31:12
513,Durazno,55.2567,47.5461,32.9,98,100,9.28,RU,2021-04-03 15:31:13
514,Durazno,-28.4696,-65.7852,80.01,64,59,8.01,AR,2021-04-03 15:31:13
515,Durazno,54.1721,74.6946,13.66,95,9,6.58,RU,2021-04-03 15:31:14
516,Durazno,46.4333,26.4,39.99,64,100,3.4,RO,2021-04-03 15:31:14
517,Durazno,54.915,33.2972,37.42,79,82,3.94,RU,2021-04-03 15:31:14
518,Durazno,63.7256,8.834,42.8,81,75,31.07,NO,2021-04-03 15:31:15
519,Durazno,-10.0681,-78.1522,73.72,76,44,6.82,PE,2021-04-03 15:27:50
520,Durazno,28.1667,94.7667,61.83,81,50,3.27,IN,2021-04-03 15:31:16
521,Durazno,-5.5569,-80.8222,78.51,61,57,5.1,PE,2021-04-03 15:31:16
522,Durazno,43.2686,-7.5406,57.99,73,3,17.0,ES,2021-04-03 15:31:17
523,Durazno,-40.8135,-62.9967,73.51,49,100,14.76,AR,2021-04-03 15:26:58
524,Durazno,38.9342,100.4517,44.15,69,100,8.72,CN,2021-04-03 15:31:17
525,Durazno,-30.3364,-54.32,80.04,49,5,7.07,BR,2021-04-03 15:31:18
526,Durazno,5.5577,95.3222,80.38,76,79,11.81,ID,2021-04-03 15:31:18
527,Durazno,41.7597,86.1469,50.68,28,83,13.78,CN,2021-04-03 15:31:19
528,Durazno,12.1694,-83.0418,80.06,74,66,18.37,NI,2021-04-03 15:31:19
529,Durazno,36.6923,53.5526,55.4,76,75,6.91,IR,2021-04-03 15:31:19
530,Durazno,-19.3911,-40.0722,86.86,51,57,6.69,BR,2021-04-03 15:31:20
531,Durazno,-3.6837,39.8566,86.0,79,20,13.8,KE,2021-04-03 15:31:20
532,Durazno,33.7206,-116.2156,80.01,13,1,9.22,US,2021-04-03 15:31:21
533,Durazno,25.0213,37.2685,73.08,55,21,24.2,SA,2021-04-03 15:31:21
534,Durazno,47.4334,-72.7824,32.0,29,0,5.75,CA,2021-04-03 15:29:19
535,Durazno,54.8097,105.1578,30.94,97,100,4.59,RU,2021-04-03 15:31:22
536,Durazno,37.7799,-121.978,52.0,81,1,3.87,US,2021-04-03 15:31:22
537,Durazno,65.8167,87.9833,15.24,90,99,10.0,RU,2021-04-03 15:31:23
538,Durazno,14.2,24.6667,84.34,11,13,13.24,SD,2021-04-03 15:31:23
539,Durazno,47.875,-3.9225,55.4,58,0,19.57,FR,2021-04-03 15:28:04
540,Durazno,-6.9811,-34.8339,77.0,100,75,10.36,BR,2021-04-03 15:31:24
541,Durazno,-21.6924,165.677,73.4,94,90,2.3,NC,2021-04-03 15:31:24
542,Durazno,69.3,139.9,-14.04,100,100,1.74,RU,2021-04-03 15:31:24
543,Durazno,59.5833,151.2833,18.36,66,100,17.81,RU,2021-04-03 15:31:25
544,Durazno,-1.7,-77.9333,68.0,100,90,3.44,EC,2021-04-03 15:31:25
545,Durazno,-9.6608,20.3916,87.8,48,75,9.22,AO,2021-04-03 15:31:26
546,Durazno,42.2506,-75.833,39.99,40,1,6.91,US,2021-04-03 15:31:26
547,Durazno,0.6,-80.0333,82.4,94,75,3.44,EC,2021-04-03 15:31:27
548,Durazno,64.8945,-23.7142,41.09,93,100,29.46,IS,2021-04-03 15:31:27
549,Durazno,-32.7167,152.15,64.4,88,6,5.75,AU,2021-04-03 15:31:27
550,Durazno,-6.7988,111.4951,76.62,89,78,2.26,ID,2021-04-03 15:31:28
551,Durazno,49.1414,57.13,35.76,98,98,5.21,KZ,2021-04-03 15:31:28
552,Durazno,45.1667,10.7833,62.6,42,20,12.66,IT,2021-04-03 15:26:51
553,Durazno,-16.5167,-151.75,81.05,74,92,7.18,PF,2021-04-03 15:31:29
554,Durazno,40.2336,20.3517,51.01,95,17,5.99,AL,2021-04-03 15:31:29
555,Durazno,57.9747,33.2525,34.5,86,99,4.32,RU,2021-04-03 15:31:30
556,Durazno,4.4148,114.0089,78.8,94,40,3.44,MY,2021-04-03 15:31:30
557,Durazno,-26.6167,-54.1333,84.18,33,0,3.31,AR,2021-04-03 15:31:30
558,Durazno,-9.6658,-35.7353,86.0,66,75,8.05,BR,2021-04-03 15:31:31
559,Durazno,-30.3167,149.7833,64.4,63,18,8.05,AU,2021-04-03 15:31:31
560,Durazno,61.994,-49.6678,30.22,87,100,5.3,GL,2021-04-03 15:31:32
561,Durazno,40.1629,-8.3327,71.01,83,33,1.99,PT,2021-04-03 15:31:32
562,Durazno,-11.7022,43.2551,86.0,74,40,12.66,KM,2021-04-03 15:31:33
563,Durazno,66.53,66.6019,10.83,95,18,4.43,RU,2021-04-03 15:31:33
564,Durazno,64.2457,12.3778,39.43,97,99,19.3,NO,2021-04-03 15:31:33
565,Durazno,-33.4131,-56.5006,75.2,60,75,10.36,UY,2021-04-03 15:31:34
